{
    "eye_infos": {
        "left_eye_info": {
            "top-left": [
                0.2586888927338703,
                8.390509413096986
            ],
            "top-right": [
                0.7510322692273645,
                8.390509413096986
            ],
            "bottom-right": [
                0.48397731312809056,
                7.97345925829719
            ],
            "bottom-left": [
                0.467308967519249,
                7.97345925829719
            ]
        },
        "right_eye_info": {
            "top-left": [
                -0.2586888927338703,
                8.390509413096986
            ],
            "top-right": [
                -0.7510322692273645,
                8.390509413096986
            ],
            "bottom-right": [
                -0.48397731312809056,
                7.97345925829719
            ],
            "bottom-left": [
                -0.467308967519249,
                7.97345925829719
            ]
        }
    }
}