{
    "eye_infos": {
        "left_eye_info": {
            "top-left": [
                0.30171774197337653,
                4.725967983469781
            ],
            "top-right": [
                0.787686006878933,
                4.725967983469781
            ],
            "bottom-right": [
                0.4934052242416794,
                4.315594781993978
            ],
            "bottom-left": [
                0.5150038137930374,
                4.315594781993978
            ]
        },
        "right_eye_info": {
            "top-left": [
                -0.30171774197337653,
                4.725967983469781
            ],
            "top-right": [
                -0.787686006878933,
                4.725967983469781
            ],
            "bottom-right": [
                -0.4934052242416794,
                4.315594781993978
            ],
            "bottom-left": [
                -0.5150038137930374,
                4.315594781993978
            ]
        }
    }
}