{
    "eye_infos": {
        "left_eye_info": {
            "top-left": [
                0.28748218689192473,
                5.5823955582103615
            ],
            "top-right": [
                0.75936251354846,
                5.5823955582103615
            ],
            "bottom-right": [
                0.476742835795672,
                5.303001132867019
            ],
            "bottom-left": [
                0.5278013060917178,
                5.303001132867019
            ]
        },
        "right_eye_info": {
            "top-left": [
                -0.28748218689192473,
                5.5823955582103615
            ],
            "top-right": [
                -0.75936251354846,
                5.5823955582103615
            ],
            "bottom-right": [
                -0.476742835795672,
                5.303001132867019
            ],
            "bottom-left": [
                -0.5278013060917178,
                5.303001132867019
            ]
        }
    }
}